,mean,Stdev
9.0,0.6046323042581125,0.10162138701182134
10.0,0.4977139122507949,0.05671598043507383
11.0,0.5661004231771105,0.09235473655552098
12.0,0.5562936150219101,0.04831088240904624
8.0,0.5744367947638237,0.08832024376156193
5.0,0.5677766870102949,0.08869717794714385
6.0,0.5509038365421983,0.06082726174494556
2.0,0.28950023863049673,0.05660944602554681
3.0,0.2521252058945313,0.09245587148692093
4.0,0.21162688757365414,0.1047725178520714
