,mean,Stdev
9.0,0.5968125896420152,0.11011594823396949
10.0,0.4841750028890852,0.04816955017161223
11.0,0.5645423539589397,0.09169040844127403
12.0,0.5364941428141957,0.03408892809005059
8.0,0.5744367947638237,0.08832024376156193
5.0,0.5677766870102949,0.08869717794714385
6.0,0.569750951247748,0.0625450884454785
2.0,0.28950023863049673,0.05660944602554681
3.0,0.23859051798806427,0.09337520271674565
4.0,0.21162688757365414,0.1047725178520714
