,mean,Stdev
9.0,0.5724751379017876,0.08542046332423313
10.0,0.37738948836002767,0.11153293026071197
11.0,0.48278493911387255,0.09001103736476536
12.0,0.5524410812809288,0.04222294014124768
8.0,0.6405943938190168,0.08715327818557761
5.0,0.6226862136646781,0.06127720195239708
6.0,0.5843622364038785,0.06740910725982475
2.0,0.21112378299986434,0.059252706417445886
3.0,0.2186796127256349,0.0912658324908752
4.0,0.16390555407423493,0.09018852084938711
