,mean,Stdev
9.0,0.5764743744148584,0.073129791620189
10.0,0.32189273742807567,0.05088115915171389
11.0,0.501176701991595,0.08262636540505014
12.0,0.5504985101653049,0.05002614446833367
8.0,0.6408286615408257,0.08680846058870528
5.0,0.6224419684913809,0.06142397003551235
6.0,0.5830342062145489,0.07747376249897735
2.0,0.21146874536386037,0.05949206681005657
3.0,0.2114137721028275,0.09715726129951986
4.0,0.16515416966556987,0.09073848183863044
